{
  "dnf": {
    "overall_dnf_rate": 0.13835770528683913,
    "driver_dnf_rates": {
      "DOO": 0.2857142857142857,
      "SAR": 0.25,
      "LAT": 0.22727272727272727,
      "ALB": 0.2159090909090909,
      "SAI": 0.19318181818181818,
      "ANT": 0.19047619047619047,
      "BOR": 0.19047619047619047,
      "LAW": 0.1875,
      "DEV": 0.18181818181818182,
      "MAG": 0.18181818181818182,
      "COL": 0.16666666666666666,
      "ZHO": 0.16176470588235295,
      "BOT": 0.16176470588235295,
      "ALO": 0.15730337078651685,
      "TSU": 0.15730337078651685,
      "VET": 0.15,
      "PER": 0.14705882352941177,
      "GAS": 0.14606741573033707,
      "MSC": 0.13636363636363635,
      "OCO": 0.13636363636363635,
      "STR": 0.13636363636363635,
      "LEC": 0.1348314606741573,
      "HUL": 0.11594202898550725,
      "RIC": 0.10638297872340426,
      "HAM": 0.10112359550561797,
      "HAD": 0.09523809523809523,
      "RUS": 0.0898876404494382,
      "BEA": 0.08333333333333333,
      "PIA": 0.05970149253731343,
      "NOR": 0.056179775280898875,
      "VER": 0.0449438202247191
    },
    "team_dnf_rates": {
      "Williams": 0.23163841807909605,
      "Alfa Romeo": 0.20454545454545456,
      "Alpine": 0.16853932584269662,
      "AlphaTauri": 0.1590909090909091,
      "Ferrari": 0.15168539325842698,
      "Racing Bulls": 0.14444444444444443,
      "Aston Martin": 0.12994350282485875,
      "Haas F1 Team": 0.12921348314606743,
      "Kick Sauber": 0.12222222222222222,
      "Mercedes": 0.10112359550561797,
      "Red Bull": 0.0898876404494382,
      "McLaren": 0.06741573033707865
    },
    "track_type_dnf_rates": {
      "high_altitude_special": 0.175,
      "medium_downforce_balanced": 0.16689847009735745,
      "street_circuit_high_downforce": 0.14166666666666666,
      "high_speed_low_downforce": 0.125,
      "high_downforce_technical": 0.0870712401055409
    }
  },
  "weather": {
    "overall_wet_probability": 0.24719101123595505,
    "track_type_wet_probability": {
      "high_altitude_special": 0.0,
      "high_downforce_technical": 0.21052631578947367,
      "high_speed_low_downforce": 0.1111111111111111,
      "medium_downforce_balanced": 0.2777777777777778,
      "street_circuit_high_downforce": 0.5
    },
    "wet_chaos_multiplier": 1.0009081433684546,
    "driver_wet_advantage": {
      "ANT": 2.533333333333333,
      "LAT": 2.375,
      "VET": 2.071428571428571,
      "GAS": 1.7421981004070553,
      "HAM": 1.4056987788331075,
      "STR": 1.375524475524477,
      "OCO": 1.2727272727272734,
      "RIC": 1.1714285714285708,
      "ALO": 1.0264586160108546,
      "DEV": 0.9444444444444446,
      "HUL": 0.9327830188679247,
      "VER": 0.8738127544097694,
      "PER": 0.6298076923076925,
      "BOT": 0.3461538461538467,
      "TSU": -0.06648575305291793,
      "MSC": -0.2666666666666675,
      "SAR": -0.2962962962962976,
      "NOR": -0.33446404341926694,
      "MAG": -0.650980392156864,
      "SAI": -0.8484848484848477,
      "PIA": -0.8970588235294121,
      "ALB": -1.09090909090909,
      "RUS": -1.3303934871099052,
      "BOR": -1.4000000000000004,
      "BEA": -1.6050420168067223,
      "ZHO": -1.6875,
      "LEC": -1.8303934871099052,
      "LAW": -2.166666666666666,
      "COL": -2.421052631578947,
      "HAD": -6.033333333333333
    }
  },
  "safety_car": {
    "overall_sc_probability": 0.7078651685393258,
    "overall_vsc_probability": 0.4606741573033708,
    "track_type_sc_probability": {
      "high_altitude_special": 1.0,
      "medium_downforce_balanced": 0.8333333333333334,
      "street_circuit_high_downforce": 0.6666666666666666,
      "high_speed_low_downforce": 0.6111111111111112,
      "high_downforce_technical": 0.5263157894736842
    },
    "track_specific_sc_probability": {
      "Miami Gardens": 1.0,
      "S\u00e3o Paulo": 1.0,
      "Spielberg": 1.0,
      "Jeddah": 1.0,
      "Le Castellet": 1.0,
      "Lusail": 1.0,
      "Melbourne": 1.0,
      "Mexico City": 1.0,
      "Montr\u00e9al": 1.0,
      "Baku": 1.0,
      "Monaco": 0.75,
      "Suzuka": 0.75,
      "Silverstone": 0.75,
      "Sakhir": 0.75,
      "Austin": 0.75,
      "Zandvoort": 0.75,
      "Miami": 0.6666666666666666,
      "Imola": 0.6666666666666666,
      "Marina Bay": 0.5,
      "Shanghai": 0.5,
      "Las Vegas": 0.5,
      "Yas Island": 0.3333333333333333,
      "Monza": 0.25,
      "Spa-Francorchamps": 0.25,
      "Budapest": 0.25,
      "Barcelona": 0.25
    },
    "track_type_position_volatility": {
      "medium_downforce_balanced": 3.852631578947369,
      "high_altitude_special": 3.65,
      "high_speed_low_downforce": 3.4345029239766083,
      "high_downforce_technical": 3.2401662049861493,
      "street_circuit_high_downforce": 2.949342105263158
    }
  },
  "consistency": {
    "driver_variance": {
      "LAT": 2.3890986182642626,
      "SAR": 2.9568322818274866,
      "ZHO": 3.0750061564425826,
      "DEV": 3.133397807202561,
      "MSC": 3.1982137871898786,
      "COL": 3.2693127407914724,
      "RIC": 3.554648036613445,
      "MAG": 3.7153998175426297,
      "TSU": 3.9013957325423796,
      "BOT": 3.9303360801906586,
      "VER": 3.9382685461991556,
      "BEA": 3.994334756242588,
      "LAW": 4.064004064006096,
      "VET": 4.135532804723881,
      "HUL": 4.137244801060789,
      "STR": 4.155973983806497,
      "ALB": 4.189851898834764,
      "BOR": 4.234776656841932,
      "HAD": 4.365994132142731,
      "GAS": 4.394751489416471,
      "OCO": 4.419251131613063,
      "RUS": 4.4700798529474,
      "HAM": 4.837871960609571,
      "ALO": 5.020412876900211,
      "PIA": 5.27493754263474,
      "NOR": 5.3276697882685475,
      "LEC": 5.739670741838689,
      "ANT": 5.910039883839316,
      "PER": 5.998591435481598,
      "SAI": 6.105652861504965
    }
  }
}